"","Day_1","Day_10","Day_30","Day_60"
"01001",1,10,32,149
"01003",1,3,71,227
"01005",1,10,43,173
"01007",2,9,42,71
"01009",1,9,31,49
"01011",2,2,12,111
"01013",1,1,19,335
"01015",1,3,63,130
"01017",1,17,236,328
"01019",1,5,12,33
"01021",1,15,47,86
"01023",1,4,25,141
"01025",2,13,32,142
"01027",1,8,19,27
"01029",1,7,12,13
"01031",3,20,117,236
"01033",1,5,22,125
"01035",1,3,9,39
"01037",2,6,29,33
"01039",2,4,32,67
"01041",1,2,10,58
"01043",1,7,42,69
"01045",1,6,27,110
"01047",2,7,29,191
"01049",1,13,61,221
"01051",1,6,30,152
"01053",1,3,22,43
"01055",3,21,120,228
"01057",1,1,5,13
"01059",1,3,18,411
"01061",1,4,15,46
"01063",1,6,44,91
"01065",1,7,41,151
"01067",2,11,26,80
"01069",1,9,73,154
"01071",1,5,38,64
"01073",2,71,579,1131
"01075",1,1,8,15
"01077",1,12,23,115
"01079",1,4,12,41
"01081",1,26,250,436
"01083",1,1,36,57
"01085",1,3,36,186
"01087",1,6,34,67
"01089",1,43,194,274
"01091",1,8,39,133
"01093",1,9,61,106
"01095",1,17,258,645
"01097",1,34,627,1701
"01099",1,5,12,34
"01101",1,3,106,642
"01103",2,22,50,144
"01105",2,9,18,47
"01107",1,11,44,88
"01109",1,10,57,130
"01111",1,11,60,124
"01113",1,4,54,125
"01115",1,6,49,88
"01117",2,27,230,381
"01119",1,17,55,213
"01121",1,4,40,78
"01123",1,14,228,384
"01125",1,7,100,284
"01127",1,28,83,126
"01129",1,4,15,61
"01131",1,6,52,113
"01133",2,3,10,67
"02020",1,5,112,194
"02050",1,1,1,3
"02090",2,11,79,85
"02110",1,10,26,30
"02122",1,5,15,24
"02130",1,11,15,16
"02150",1,1,1,4
"02170",2,4,19,22
"02180",1,1,1,5
"02195",1,1,3,3
"02198",1,2,2,2
"02220",1,1,1,14
"02240",1,1,1,3
"02290",1,1,1,1
"04001",3,17,178,1023
"04003",1,4,24,46
"04005",1,41,299,839
"04007",1,3,11,24
"04009",1,2,2,20
"04011",1,1,2,4
"04012",2,2,8,50
"04013",1,1,1,251
"04015",2,12,73,304
"04017",1,43,390,1177
"04019",1,5,415,1465
"04021",1,5,89,468
"04023",1,2,15,75
"04025",1,13,69,262
"04027",1,9,24,405
"05001",1,1,2,3
"05003",1,5,13,19
"05005",1,3,5,7
"05007",1,29,62,149
"05009",1,1,3,4
"05011",1,4,7,15
"05015",1,2,5,24
"05017",1,2,7,13
"05019",1,18,27,35
"05021",1,1,3,5
"05023",1,41,70,72
"05025",1,4,8,15
"05027",1,2,5,20
"05029",1,3,7,14
"05031",1,4,40,140
"05033",1,3,4,12
"05035",1,15,127,234
"05037",1,3,9,42
"05039",1,1,1,3
"05041",1,2,6,18
"05043",1,3,10,19
"05045",1,28,59,91
"05047",1,1,2,4
"05049",1,1,6,9
"05051",2,11,102,121
"05053",1,3,11,16
"05055",1,3,6,24
"05057",1,3,5,14
"05059",1,5,8,29
"05061",2,4,13,16
"05063",1,3,7,25
"05065",1,2,10,17
"05067",1,1,1,14
"05069",1,19,91,226
"05071",1,11,29,38
"05073",1,2,8,9
"05075",1,3,29,81
"05077",1,2,3,19
"05079",1,4,56,949
"05083",1,2,2,11
"05085",4,15,31,46
"05087",1,1,1,50
"05089",1,1,1,2
"05091",1,20,33,42
"05093",1,7,20,75
"05095",1,1,4,5
"05099",1,1,1,5
"05101",1,1,3,3
"05103",1,5,7,10
"05105",1,2,6,14
"05107",1,4,6,24
"05109",1,2,3,4
"05111",1,3,10,26
"05113",1,2,7,8
"05115",1,3,33,73
"05117",1,2,2,2
"05119",5,28,236,627
"05121",2,3,15,26
"05123",1,31,82,660
"05125",1,4,32,76
"05127",1,1,1,1
"05129",1,4,6,6
"05131",1,4,11,16
"05133",1,1,8,28
"05135",1,2,9,46
"05137",2,5,7,8
"05139",1,10,28,144
"05141",1,17,26,28
"05143",1,13,44,141
"05145",4,22,29,37
"05147",1,1,1,1
"05149",1,1,6,183
"06001",1,25,304,1589
"06003",1,2,1,2
"06005",1,1,6,8
"06007",1,8,16,26
"06009",2,3,12,13
"06011",1,2,3,5
"06013",1,9,250,907
"06015",1,2,3,45
"06017",2,15,36,67
"06019",1,2,108,724
"06021",1,2,5,13
"06023",1,1,2,52
"06025",4,25,155,876
"06027",1,10,19,20
"06029",1,33,553,1438
"06031",1,5,52,688
"06033",2,5,8,30
"06037",1,1,1,799
"06039",1,1,30,54
"06041",1,1,65,223
"06045",1,2,4,13
"06047",1,16,94,251
"06051",2,18,24,34
"06053",2,24,108,317
"06055",1,1,7,61
"06057",1,4,34,41
"06059",1,1,1,152
"06061",1,7,67,147
"06063",1,3,4,4
"06065",1,14,799,4454
"06067",1,3,52,940
"06069",1,5,35,56
"06071",1,38,977,3153
"06073",1,1,2,1628
"06075",2,2,3,437
"06077",1,17,237,597
"06079",1,33,114,227
"06081",1,15,309,1177
"06083",1,24,284,1377
"06085",1,2,4,848
"06087",1,2,69,138
"06089",1,1,23,31
"06093",2,3,5,6
"06095",1,12,29,195
"06097",1,3,49,218
"06099",2,5,103,488
"06101",2,16,28,40
"06103",1,1,1,5
"06107",1,11,203,1140
"06109",1,1,4,4
"06111",1,19,263,652
"06113",1,2,33,171
"06115",2,6,16,28
"08001",2,14,543,2242
"08003",1,4,10,58
"08005",1,22,718,3089
"08007",1,6,8,8
"08009",1,9,10,12
"08013",1,39,264,788
"08014",1,17,101,213
"08015",2,15,38,69
"08019",1,3,11,14
"08023",1,3,3,3
"08025",1,1,2,39
"08027",1,2,2,2
"08029",1,1,25,61
"08031",2,28,769,3428
"08035",1,4,194,526
"08037",1,24,333,552
"08039",3,4,23,47
"08041",1,4,406,1005
"08043",1,2,19,26
"08045",1,10,58,112
"08047",1,1,1,5
"08049",1,2,4,5
"08051",1,13,98,173
"08053",1,1,3,3
"08055",1,1,1,3
"08059",1,9,440,1405
"08063",1,5,19,26
"08065",1,4,17,29
"08067",1,23,51,83
"08069",1,4,161,423
"08071",1,2,3,5
"08073",1,1,4,3
"08075",2,6,23,490
"08077",1,2,35,51
"08079",1,2,2,2
"08081",2,4,6,7
"08083",1,8,15,36
"08085",1,10,77,136
"08087",1,4,135,561
"08089",1,3,7,14
"08091",2,4,5,8
"08093",1,3,6,16
"08095",1,4,6,12
"08097",9,15,39,54
"08099",1,1,8,15
"08101",1,3,53,185
"08103",1,1,1,1
"08105",2,5,7,16
"08107",1,3,35,58
"08109",1,3,4,48
"08113",1,1,13,22
"08117",2,7,68,169
"08119",3,7,25,33
"08121",1,1,6,31
"08123",1,37,683,2159
"08125",1,2,2,12
"09001",1,48,3719,12455
"09003",1,61,1914,7528
"09005",1,11,346,1153
"09007",1,25,394,898
"09009",1,41,2946,9430
"09011",1,20,315,876
"09013",4,37,258,715
"09015",1,3,92,313
"10001",3,21,352,1176
"10003",1,28,701,2275
"10005",1,33,678,3565
"11001",1,22,998,5322
"12001",1,11,144,306
"12003",1,4,17,26
"12005",1,6,55,86
"12007",1,2,42,49
"12009",1,14,173,356
"12011",2,37,1765,5383
"12013",1,4,8,53
"12015",1,1,47,269
"12017",1,9,72,109
"12019",1,6,144,300
"12021",3,18,282,712
"12023",2,3,40,115
"12027",1,7,24,80
"12029",1,2,9,54
"12031",1,25,618,1164
"12033",1,17,247,671
"12035",1,18,76,169
"12037",1,2,2,2
"12039",1,2,68,254
"12041",1,4,6,19
"12043",1,4,6,24
"12045",1,1,1,1
"12047",1,2,7,255
"12049",1,3,18,93
"12051",1,9,65,337
"12053",4,14,83,109
"12055",1,14,70,107
"12057",1,2,272,1105
"12059",1,2,9,18
"12061",1,16,83,106
"12063",1,1,8,129
"12065",1,12,28,29
"12067",1,1,3,10
"12069",1,22,169,248
"12071",1,5,347,1137
"12073",1,15,164,275
"12075",1,4,13,29
"12077",1,2,196,218
"12079",2,14,55,69
"12081",1,2,42,567
"12083",2,23,121,224
"12085",1,26,147,321
"12086",1,124,5897,13840
"12087",1,23,73,99
"12089",1,1,29,60
"12091",1,1,61,160
"12093",1,5,11,76
"12095",1,32,922,1511
"12097",1,24,317,573
"12099",2,56,1429,3868
"12101",1,5,127,291
"12103",2,16,395,828
"12105",1,20,287,716
"12107",1,13,56,134
"12109",1,7,163,222
"12111",1,31,202,337
"12113",1,1,48,157
"12115",2,14,211,426
"12117",1,13,238,415
"12119",1,29,117,251
"12121",1,18,109,166
"12123",1,1,3,27
"12125",1,2,4,31
"12127",1,7,151,521
"12129",1,6,22,32
"12131",1,14,29,77
"12133",1,1,12,26
"13001",2,7,65,148
"13003",3,2,14,54
"13005",1,11,22,83
"13007",3,4,18,32
"13009",2,3,112,292
"13011",1,4,18,92
"13013",1,19,93,272
"13015",3,54,203,361
"13017",1,3,20,55
"13019",1,4,18,42
"13021",1,13,191,396
"13023",1,1,12,45
"13025",3,14,22,61
"13027",1,6,52,68
"13029",2,11,37,68
"13031",1,9,34,53
"13033",1,8,51,120
"13035",2,8,80,205
"13037",1,15,84,126
"13039",1,6,27,53
"13043",1,4,8,13
"13045",14,70,271,408
"13047",1,4,28,79
"13049",1,1,3,17
"13051",2,16,178,363
"13053",1,2,8,25
"13055",1,3,9,19
"13057",1,4,141,544
"13059",2,17,88,190
"13061",1,13,21,37
"13063",2,21,396,955
"13065",1,1,7,46
"13067",1,22,474,1887
"13069",1,11,83,210
"13071",1,28,158,280
"13073",1,10,87,205
"13075",1,4,20,48
"13077",2,9,106,280
"13079",1,9,18,28
"13081",3,21,130,210
"13083",1,2,14,28
"13085",1,4,43,84
"13087",1,16,61,145
"13089",2,18,673,2396
"13091",1,5,22,48
"13093",3,28,120,177
"13095",6,101,1245,1644
"13097",1,38,229,439
"13099",2,16,163,233
"13101",1,3,5,130
"13103",1,4,25,42
"13105",1,3,29,75
"13107",1,7,21,27
"13109",1,4,5,6
"13111",1,8,20,39
"13113",1,7,81,191
"13115",1,5,92,155
"13117",1,10,153,395
"13119",1,5,16,36
"13121",2,6,599,2821
"13123",1,4,57,148
"13127",2,7,46,75
"13129",2,4,33,124
"13131",1,13,63,94
"13133",1,8,50,63
"13135",1,5,410,2102
"13137",1,2,170,502
"13139",1,19,363,2125
"13141",1,6,110,196
"13143",1,10,26,36
"13145",1,3,44,78
"13147",1,3,6,26
"13149",1,1,7,17
"13151",1,7,254,610
"13153",1,10,158,313
"13155",1,5,15,23
"13157",1,13,69,147
"13159",1,2,18,31
"13161",1,2,22,38
"13163",1,4,14,33
"13165",1,4,16,18
"13167",1,13,39,82
"13169",1,6,24,33
"13171",1,3,24,41
"13173",1,5,8,21
"13175",2,9,39,94
"13177",1,13,217,339
"13179",1,7,34,60
"13181",1,3,9,13
"13183",1,1,2,12
"13185",1,7,53,184
"13187",1,4,23,83
"13189",1,6,39,62
"13191",1,3,4,16
"13193",1,2,59,96
"13195",1,3,17,32
"13197",1,10,42,57
"13199",1,9,48,78
"13201",1,4,20,36
"13205",4,40,280,397
"13207",1,3,15,95
"13209",2,2,4,14
"13211",1,2,23,34
"13213",2,10,24,81
"13215",1,9,218,440
"13217",1,6,93,262
"13219",1,11,48,80
"13221",1,5,49,60
"13223",1,6,115,236
"13225",1,6,32,69
"13227",2,5,18,38
"13229",1,7,51,85
"13231",1,9,39,52
"13233",1,1,18,60
"13235",1,5,17,38
"13237",1,5,40,90
"13239",1,3,5,12
"13241",2,6,12,20
"13243",1,3,141,169
"13245",1,11,169,490
"13247",1,17,117,249
"13249",1,10,16,16
"13251",1,5,15,50
"13253",2,6,27,42
"13255",2,12,126,242
"13257",2,5,42,122
"13259",1,4,23,52
"13261",2,15,314,419
"13263",1,7,22,38
"13267",1,2,5,13
"13269",1,2,14,21
"13271",2,9,28,37
"13273",2,10,146,199
"13275",1,26,158,309
"13277",1,13,82,185
"13279",1,5,26,50
"13281",1,3,20,24
"13283",1,1,3,13
"13285",1,7,68,192
"13287",1,2,51,84
"13289",1,2,4,10
"13291",1,6,33,44
"13293",2,13,196,275
"13295",1,4,60,138
"13297",2,23,95,217
"13299",1,17,100,206
"13301",2,6,12,18
"13303",1,4,28,72
"13305",1,5,13,20
"13307",1,3,10,12
"13309",1,1,3,9
"13311",1,3,36,93
"13313",1,6,32,177
"13315",1,5,88,109
"13317",1,3,22,32
"13319",1,8,35,69
"13321",2,10,119,197
"15001",1,5,41,76
"15003",1,4,266,400
"15007",2,3,21,21
"15009",1,11,86,117
"16001",1,13,521,739
"16003",1,1,3,3
"16005",2,4,8,17
"16011",1,1,3,6
"16013",2,21,455,506
"16017",1,3,4,4
"16019",1,6,28,33
"16025",1,1,1,1
"16027",1,40,187,276
"16029",1,1,1,1
"16031",1,3,12,22
"16037",1,2,2,2
"16039",1,14,30,31
"16043",1,1,2,3
"16045",1,7,12,17
"16047",1,5,12,47
"16049",1,2,3,3
"16051",2,3,5,7
"16053",1,19,48,161
"16055",3,13,50,66
"16057",1,3,5,7
"16059",1,1,1,2
"16063",1,12,22,32
"16065",1,2,8,18
"16067",1,3,11,45
"16069",1,13,55,81
"16073",1,2,8,9
"16075",1,5,11,23
"16077",2,2,2,7
"16081",1,2,6,11
"16083",1,2,100,318
"16085",1,2,2,2
"16087",1,1,1,38
"17001",1,2,31,42
"17003",1,2,8,17
"17005",1,3,5,10
"17007",3,13,144,481
"17011",1,3,9,15
"17013",1,1,1,1
"17015",1,4,9,13
"17017",2,29,66,79
"17019",2,26,95,472
"17021",1,19,25,32
"17023",1,4,5,11
"17025",1,2,2,2
"17027",1,3,38,142
"17029",1,9,22,138
"17031",1,2,2,922
"17033",1,4,10,11
"17035",1,1,2,6
"17037",1,8,55,268
"17039",1,2,3,4
"17041",1,9,12,27
"17043",1,95,1162,5121
"17049",1,3,6,7
"17051",1,3,16,20
"17053",1,5,10,20
"17055",1,1,8,12
"17057",2,1,3,12
"17059",1,2,2,2
"17061",2,1,4,6
"17063",1,5,26,84
"17065",1,2,2,2
"17067",1,3,10,17
"17069",1,1,1,1
"17071",1,4,8,8
"17073",1,8,36,67
"17075",1,5,16,130
"17077",1,1,39,181
"17079",2,3,45,46
"17081",1,9,86,101
"17083",1,6,13,24
"17085",1,1,12,22
"17087",1,3,4,14
"17089",1,6,296,2668
"17091",1,17,252,893
"17093",3,8,119,559
"17095",1,1,36,94
"17097",1,52,1124,5199
"17099",1,3,25,121
"17101",2,2,3,4
"17103",2,14,25,82
"17105",1,3,17,28
"17107",1,3,7,10
"17109",1,3,49,92
"17111",1,6,180,897
"17113",4,14,83,186
"17115",1,9,102,188
"17117",1,14,31,45
"17119",1,8,151,481
"17121",2,4,28,50
"17123",1,1,4,5
"17125",1,3,13,18
"17127",1,2,4,7
"17129",1,2,4,17
"17131",1,2,8,17
"17133",1,3,55,90
"17135",1,2,23,39
"17137",1,5,14,34
"17139",1,3,5,11
"17141",1,14,111,211
"17143",1,4,31,151
"17145",1,1,38,42
"17147",1,6,7,11
"17149",1,1,1,1
"17153",4,9,25,61
"17157",2,31,126,267
"17159",1,1,3,4
"17161",1,11,211,600
"17163",2,4,189,771
"17165",1,2,3,7
"17167",2,4,43,286
"17169",1,1,5,13
"17173",2,4,10,16
"17175",1,1,1,3
"17177",1,3,12,161
"17179",2,10,34,67
"17181",3,7,113,172
"17183",1,7,17,39
"17185",1,1,1,6
"17187",1,15,102,127
"17189",1,1,4,17
"17191",1,2,8,9
"17193",1,2,2,3
"17195",1,1,28,112
"17197",1,50,1350,4090
"17199",1,1,12,52
"17201",1,5,99,1208
"17203",1,2,7,15
"18001",1,1,2,8
"18003",1,27,296,1040
"18005",1,5,112,387
"18007",2,4,13,33
"18009",1,5,8,26
"18011",1,1,77,228
"18013",1,3,14,33
"18015",1,3,9,92
"18017",1,17,1127,1591
"18019",1,12,144,406
"18021",1,7,19,41
"18023",1,4,31,216
"18025",1,6,17,24
"18027",2,12,54,97
"18029",2,22,72,161
"18031",6,60,181,230
"18033",1,3,15,29
"18035",1,15,110,297
"18037",1,3,16,168
"18039",1,12,152,738
"18041",1,3,20,69
"18043",1,6,111,251
"18045",1,2,9,17
"18047",2,13,75,111
"18049",1,2,10,47
"18051",2,4,5,13
"18053",1,7,56,197
"18055",1,11,48,172
"18057",1,25,491,970
"18059",1,28,144,304
"18061",1,15,87,175
"18063",1,3,197,899
"18065",1,11,33,162
"18067",1,5,43,243
"18069",1,4,6,26
"18071",1,19,98,355
"18073",1,13,28,53
"18075",1,4,16,52
"18077",1,10,27,44
"18079",1,6,65,114
"18081",3,4,248,805
"18083",2,9,20,26
"18085",1,12,28,88
"18087",2,4,21,61
"18089",2,31,880,2773
"18091",1,2,33,335
"18093",1,13,84,142
"18095",1,9,291,547
"18097",1,6,1572,6375
"18099",1,4,25,64
"18101",1,5,7,12
"18103",1,3,22,132
"18105",1,30,114,154
"18107",1,10,27,203
"18109",1,32,120,258
"18111",1,4,47,75
"18113",1,1,11,125
"18115",1,1,2,13
"18117",1,5,56,126
"18119",1,7,21,27
"18121",1,7,15,22
"18123",3,6,23,55
"18125",1,1,3,6
"18127",1,35,197,466
"18129",1,5,8,17
"18131",1,1,29,50
"18133",1,7,51,131
"18135",1,5,15,61
"18137",1,31,82,107
"18139",1,8,22,59
"18141",1,6,153,792
"18143",1,1,24,102
"18145",1,12,105,403
"18147",1,2,8,23
"18149",1,2,12,31
"18151",1,9,21,80
"18153",1,3,10,31
"18155",1,11,15,20
"18157",1,11,53,304
"18159",1,4,13,21
"18161",2,9,13,22
"18163",1,17,80,222
"18165",1,2,7,10
"18167",1,7,52,119
"18169",1,3,19,72
"18171",1,2,11,13
"18173",1,8,69,159
"18175",1,6,29,50
"18177",1,1,22,170
"18179",1,1,4,12
"18181",1,3,26,226
"18183",1,6,16,39
"19001",1,1,1,4
"19005",2,6,23,113
"19007",1,1,2,12
"19009",1,1,1,12
"19011",2,7,24,37
"19013",1,5,85,1548
"19015",1,3,7,55
"19017",1,3,51,70
"19019",1,3,11,31
"19021",1,2,16,1091
"19023",1,1,4,15
"19027",1,1,1,6
"19029",1,1,1,13
"19031",1,11,27,44
"19033",2,7,14,20
"19035",1,2,10,65
"19037",1,2,6,13
"19039",1,2,3,64
"19041",1,2,3,13
"19043",1,3,9,30
"19045",1,16,47,60
"19047",1,6,19,495
"19049",1,6,37,712
"19055",1,2,8,19
"19057",1,1,15,54
"19059",1,1,5,9
"19061",1,12,40,264
"19065",1,2,6,25
"19069",1,1,5,18
"19073",1,1,11,15
"19075",1,1,15,20
"19077",1,1,6,46
"19079",1,2,7,45
"19081",2,3,3,10
"19083",1,1,5,13
"19085",1,3,12,17
"19087",1,3,28,47
"19089",1,1,10,12
"19091",1,4,7,39
"19095",1,6,16,33
"19097",1,4,5,12
"19099",1,7,53,250
"19101",1,4,6,29
"19103",3,18,118,530
"19105",1,6,19,36
"19107",1,2,2,14
"19109",1,1,1,7
"19111",1,2,13,27
"19113",3,71,397,899
"19115",1,76,277,346
"19119",1,3,13,24
"19121",1,1,5,28
"19123",1,3,8,85
"19125",1,3,12,35
"19127",1,10,345,870
"19129",1,2,3,19
"19131",2,2,2,4
"19133",1,6,7,24
"19137",1,1,1,6
"19139",1,10,163,532
"19141",2,3,9,31
"19143",1,3,19,41
"19145",1,2,5,10
"19149",1,4,17,134
"19151",1,3,6,46
"19153",1,17,195,2551
"19155",1,1,9,71
"19157",1,5,13,89
"19163",1,18,172,320
"19165",1,6,9,32
"19167",1,4,7,177
"19169",1,2,18,81
"19171",3,11,198,374
"19173",1,1,1,41
"19175",1,1,1,11
"19177",1,6,8,9
"19179",1,1,7,450
"19181",1,6,18,99
"19183",1,11,106,170
"19187",1,1,4,27
"19189",1,2,3,11
"19191",1,2,5,18
"19193",1,4,44,2406
"19195",1,1,1,3
"19197",1,1,2,123
"20005",1,2,9,20
"20007",1,1,1,1
"20009",1,4,9,45
"20011",1,3,6,7
"20015",1,3,8,18
"20017",1,1,3,3
"20019",1,3,4,4
"20021",1,2,7,8
"20025",1,1,31,34
"20027",1,1,4,5
"20029",1,3,4,5
"20031",1,24,48,50
"20035",1,2,3,5
"20037",1,6,6,6
"20041",1,1,2,6
"20043",1,1,3,11
"20045",1,13,41,58
"20047",1,4,5,6
"20051",1,4,9,12
"20055",1,10,202,1458
"20057",1,1,32,1299
"20059",1,1,12,29
"20061",2,10,13,22
"20063",1,1,1,1
"20067",1,7,18,24
"20069",1,5,21,24
"20073",1,1,3,8
"20075",1,1,10,25
"20079",1,2,5,15
"20081",1,7,16,22
"20085",1,1,1,33
"20087",1,2,8,21
"20089",1,3,4,4
"20091",1,8,192,513
"20093",1,2,30,46
"20097",1,1,2,3
"20099",1,11,22,22
"20103",2,12,114,958
"20107",1,4,6,6
"20111",2,12,110,375
"20113",1,9,20,27
"20115",1,3,5,7
"20119",1,10,24,30
"20121",1,2,5,7
"20123",1,3,2,3
"20125",3,9,16,20
"20127",2,2,2,3
"20129",1,1,3,6
"20133",1,1,2,3
"20139",1,3,5,7
"20141",1,2,2,2
"20143",1,3,3,4
"20147",1,1,1,2
"20149",1,2,6,24
"20151",1,1,1,2
"20155",1,7,14,51
"20157",1,4,4,4
"20159",1,3,4,4
"20161",1,2,27,62
"20163",1,3,6,8
"20169",1,7,20,29
"20171",1,2,2,14
"20173",1,33,231,535
"20175",1,10,626,891
"20177",3,24,98,254
"20179",1,2,2,3
"20181",1,3,5,7
"20183",1,2,2,2
"20185",1,1,1,1
"20187",1,3,7,9
"20189",1,1,7,28
"20191",1,2,3,6
"20197",1,1,25,31
"20205",1,1,1,1
"20207",1,3,5,6
"20209",1,13,300,1110
"21001",3,44,81,97
"21003",1,1,4,43
"21005",1,2,7,13
"21007",1,4,8,13
"21009",1,3,16,45
"21011",1,2,4,9
"21015",2,6,98,401
"21017",1,2,4,8
"21019",4,20,33,39
"21021",1,8,18,22
"21023",1,1,7,11
"21025",1,2,3,3
"21027",2,2,8,16
"21029",2,12,43,104
"21031",1,1,104,224
"21033",1,9,13,12
"21035",1,3,21,46
"21037",2,27,73,149
"21039",1,2,5,5
"21041",1,2,2,7
"21043",1,3,6,14
"21045",1,1,1,10
"21047",1,6,81,97
"21049",1,3,18,20
"21051",1,1,2,23
"21053",1,2,3,4
"21055",1,3,4,6
"21057",1,3,5,5
"21059",1,20,105,287
"21061",2,6,19,56
"21067",1,5,125,295
"21069",1,2,1,2
"21071",1,1,10,18
"21073",1,3,11,20
"21075",1,1,2,12
"21077",1,1,1,49
"21079",1,1,4,9
"21081",1,5,18,39
"21083",1,5,124,162
"21085",2,2,25,121
"21087",1,1,1,2
"21089",1,7,12,14
"21091",1,2,6,7
"21093",1,6,29,88
"21097",1,6,13,18
"21099",1,1,8,31
"21101",1,5,30,95
"21103",1,3,6,19
"21105",1,1,5,5
"21107",1,26,171,220
"21109",3,43,60,61
"21111",1,9,313,1535
"21113",1,14,32,51
"21115",1,1,3,5
"21117",1,15,112,444
"21119",1,3,4,4
"21121",1,4,6,10
"21123",1,3,5,7
"21125",1,2,14,21
"21127",1,1,1,2
"21131",1,2,4,6
"21133",1,1,3,5
"21135",1,2,3,8
"21137",1,1,5,8
"21139",1,1,7,9
"21141",1,2,8,112
"21143",1,1,13,14
"21145",2,8,30,85
"21147",1,1,11,13
"21149",3,5,16,23
"21151",1,7,21,50
"21155",1,5,16,20
"21157",1,8,34,37
"21159",1,1,3,3
"21161",1,1,6,8
"21163",1,2,12,22
"21165",2,4,3,8
"21167",1,3,11,12
"21171",1,3,6,21
"21173",1,2,8,11
"21175",1,1,1,4
"21177",2,8,75,476
"21179",1,1,13,31
"21181",1,1,1,1
"21183",1,8,51,170
"21185",1,3,22,59
"21189",2,2,2,2
"21191",1,3,6,9
"21193",2,4,14,21
"21195",1,5,13,30
"21197",1,1,1,1
"21199",1,7,34,49
"21203",1,6,11,13
"21205",1,2,3,11
"21207",1,4,16,23
"21209",1,5,27,34
"21211",1,7,28,132
"21213",1,5,22,44
"21215",1,1,9,16
"21217",2,2,6,11
"21219",2,10,13,23
"21221",4,4,9,13
"21223",1,2,3,6
"21225",1,2,8,10
"21227",1,8,71,776
"21229",2,3,5,6
"21231",1,3,6,8
"21233",1,3,16,33
"21235",1,8,11,13
"21239",3,8,19,25
"22001",1,39,114,262
"22003",2,19,79,172
"22005",1,65,438,745
"22007",1,8,137,230
"22009",1,14,69,94
"22011",1,5,35,52
"22013",1,5,66,84
"22015",1,12,186,313
"22017",1,12,906,1743
"22019",1,28,309,517
"22021",1,18,20,54
"22023",1,2,3,8
"22025",1,1,23,106
"22027",1,4,50,58
"22029",3,13,36,86
"22031",2,25,152,224
"22033",1,105,1325,2953
"22035",1,1,6,111
"22037",4,22,105,187
"22039",2,8,43,67
"22041",4,28,116,297
"22043",1,3,12,26
"22045",1,9,175,353
"22047",1,21,267,526
"22049",1,4,21,82
"22051",1,45,3922,6588
"22053",1,14,57,73
"22055",3,48,396,590
"22057",1,15,468,715
"22059",1,4,17,45
"22061",2,13,52,130
"22063",1,12,142,348
"22065",1,1,5,55
"22067",1,7,45,110
"22069",2,2,58,141
"22071",5,252,5070,6645
"22073",2,44,511,966
"22075",1,19,152,194
"22077",1,16,88,182
"22079",2,41,201,499
"22081",1,2,22,48
"22083",1,3,38,113
"22085",1,7,13,41
"22087",1,19,369,515
"22089",1,8,401,595
"22091",1,11,28,51
"22093",1,48,216,283
"22095",1,16,545,804
"22097",2,10,119,231
"22099",1,41,193,287
"22101",1,10,149,277
"22103",2,25,845,1463
"22105",1,10,440,732
"22107",1,1,6,21
"22109",1,12,248,528
"22111",2,17,89,287
"22113",1,15,33,50
"22115",2,7,14,23
"22117",1,6,173,357
"22119",1,9,74,113
"22121",2,12,83,148
"22123",1,4,4,68
"22125",1,19,97,200
"22127",1,2,19,112
"23001",1,3,24,84
"23003",1,2,5,10
"23005",1,56,284,714
"23007",1,4,26,36
"23009",1,4,10,11
"23011",1,6,93,116
"23013",1,5,13,20
"23015",1,5,10,15
"23017",1,8,13,17
"23019",1,6,37,93
"23021",1,1,1,1
"23023",1,7,16,27
"23025",1,4,17,21
"23027",1,2,45,51
"23029",1,1,2,2
"23031",1,27,156,281
"24001",1,11,118,178
"24003",1,19,615,2501
"24005",1,13,979,3753
"24009",1,9,109,242
"24011",1,4,33,208
"24013",1,5,236,589
"24015",1,14,134,328
"24017",1,5,235,757
"24019",1,7,51,141
"24021",1,7,441,1331
"24023",3,3,4,7
"24025",1,2,55,536
"24027",1,30,386,1260
"24029",1,5,64,148
"24031",3,12,566,5177
"24033",1,20,1020,8531
"24035",1,7,27,141
"24037",1,15,107,340
"24039",1,1,10,62
"24041",1,1,16,64
"24043",1,7,117,352
"24045",1,6,103,818
"24047",1,2,31,165
"24510",1,41,873,3485
"25001",1,30,501,1093
"25003",1,11,258,457
"25005",1,25,1327,5125
"25007",1,7,14,26
"25009",1,19,2103,10995
"25011",1,24,170,304
"25013",1,24,1694,4889
"25015",1,30,258,767
"25017",1,65,2202,15370
"25019",1,5,9,12
"25021",1,22,738,5896
"25023",3,64,2141,6592
"25025",1,1,1,1373
"25027",1,8,1077,6992
"26001",1,4,5,21
"26005",1,2,41,184
"26007",1,15,87,108
"26009",2,6,9,12
"26011",1,4,18,34
"26013",1,1,1,1
"26015",1,1,25,58
"26017",1,1,53,204
"26019",2,4,4,5
"26021",2,32,158,538
"26023",2,24,841,904
"26025",1,17,141,308
"26027",1,7,26,77
"26029",1,2,11,13
"26031",1,10,17,21
"26033",1,1,2,3
"26035",1,1,8,15
"26037",1,13,103,134
"26039",1,1,45,58
"26041",1,8,13,17
"26043",1,3,3,5
"26045",2,8,87,163
"26047",1,5,21,21
"26049",1,110,1197,1866
"26051",1,2,9,17
"26053",1,3,4,5
"26055",1,7,19,23
"26057",1,4,8,77
"26059",1,24,97,168
"26061",1,1,2,5
"26063",1,4,11,42
"26065",1,11,239,579
"26067",2,6,39,146
"26069",1,1,21,77
"26073",2,8,54,67
"26075",1,17,409,1416
"26077",3,30,201,762
"26079",1,7,17,18
"26081",3,21,250,2284
"26085",1,2,2,7
"26087",1,21,172,466
"26089",1,1,4,9
"26091",1,24,90,861
"26093",3,41,275,393
"26095",1,1,2,4
"26097",1,4,6,8
"26099",1,140,3164,6172
"26101",1,1,11,20
"26103",1,7,35,53
"26105",1,4,14,38
"26107",1,4,14,19
"26109",1,1,6,8
"26111",1,8,42,70
"26113",1,1,14,16
"26115",1,7,183,399
"26117",1,1,20,46
"26119",1,6,5,5
"26121",1,18,160,552
"26123",1,1,10,71
"26125",1,105,4007,7664
"26127",1,3,4,82
"26129",1,2,8,20
"26133",1,3,8,10
"26135",2,3,4,5
"26137",1,7,35,99
"26139",1,15,69,444
"26141",1,2,11,11
"26143",1,1,11,21
"26145",1,36,405,941
"26147",1,7,179,357
"26149",3,16,30,110
"26151",1,10,34,39
"26153",1,3,4,4
"26155",1,22,130,235
"26157",1,5,61,173
"26159",2,12,35,121
"26161",2,29,659,1346
"26163",1,119,9626,17844
"26165",1,2,7,11
"27001",1,1,3,13
"27003",1,5,46,477
"27005",1,1,25,45
"27007",1,6,6,12
"27009",1,1,1,109
"27011",1,1,1,3
"27013",1,5,22,71
"27015",2,7,8,14
"27017",1,15,55,73
"27019",1,1,10,51
"27021",1,1,4,10
"27023",1,2,34,62
"27025",1,2,7,37
"27027",1,4,48,310
"27029",1,2,2,3
"27033",1,5,9,65
"27035",1,13,20,68
"27037",1,7,85,430
"27039",1,8,18,39
"27041",1,1,2,39
"27043",1,3,4,12
"27045",2,6,11,17
"27047",2,21,34,115
"27049",1,5,19,50
"27053",1,52,415,3558
"27055",1,1,1,2
"27059",1,4,6,33
"27061",1,2,2,54
"27063",1,1,2,36
"27067",1,2,12,454
"27069",1,1,1,1
"27071",1,1,1,8
"27073",1,1,1,3
"27079",1,15,22,36
"27081",1,1,2,5
"27083",1,5,6,43
"27085",1,2,4,37
"27087",1,1,1,5
"27089",1,1,8,12
"27091",2,12,39,114
"27093",1,1,9,44
"27095",1,1,8,28
"27097",1,1,27,54
"27099",1,11,25,58
"27101",1,1,20,40
"27103",1,3,7,28
"27105",1,60,1230,1597
"27107",1,7,11,17
"27109",1,11,114,363
"27111",1,2,8,62
"27113",1,1,3,50
"27115",1,9,61,93
"27117",1,1,4,12
"27119",1,1,41,61
"27123",1,8,79,535
"27125",1,1,2,4
"27127",1,1,3,7
"27129",1,1,3,6
"27131",1,2,6,221
"27133",2,5,19,23
"27135",1,1,1,3
"27137",1,12,48,107
"27139",1,8,23,238
"27141",1,8,13,183
"27143",1,1,1,12
"27145",2,4,7,1405
"27147",2,6,9,115
"27151",1,1,2,19
"27153",2,3,38,364
"27155",2,2,2,3
"27157",1,6,8,16
"27161",1,2,3,16
"27163",1,10,80,266
"27165",1,4,7,64
"27167",1,2,11,11
"27169",2,11,62,77
"27171",1,3,16,110
"27173",1,2,3,6
"28001",1,7,73,173
"28003",1,6,10,14
"28005",1,6,23,53
"28007",1,10,36,259
"28009",1,5,9,14
"28011",2,9,74,130
"28013",1,4,43,60
"28015",1,7,20,114
"28017",1,13,45,117
"28019",1,7,13,29
"28021",1,3,19,64
"28023",1,8,46,135
"28025",1,4,25,86
"28027",2,18,45,76
"28029",1,4,28,163
"28031",1,6,50,140
"28033",1,63,211,384
"28035",1,4,71,309
"28037",1,3,15,21
"28039",1,3,10,19
"28041",1,3,6,33
"28043",1,3,20,60
"28045",1,5,46,79
"28047",1,31,129,214
"28049",2,31,259,698
"28051",1,13,54,293
"28053",1,2,12,46
"28057",3,3,21,79
"28059",1,16,182,283
"28061",1,10,42,157
"28063",1,3,8,40
"28065",4,8,51,84
"28067",1,3,56,337
"28069",1,5,40,127
"28071",1,13,40,109
"28073",1,6,76,210
"28075",3,61,268,678
"28077",1,5,14,78
"28079",1,5,77,364
"28081",1,21,54,93
"28083",1,8,44,185
"28085",1,11,101,218
"28087",4,10,32,132
"28089",1,25,116,526
"28091",1,6,47,100
"28093",1,13,39,67
"28095",1,3,38,209
"28097",1,7,15,75
"28099",1,9,119,514
"28101",1,4,33,214
"28103",1,4,24,152
"28105",2,17,43,110
"28107",1,6,35,52
"28109",1,10,82,190
"28111",1,2,20,36
"28113",1,14,97,178
"28115",1,5,18,26
"28117",1,9,29,37
"28119",2,5,14,24
"28121",3,35,130,287
"28123",1,7,96,524
"28125",1,3,4,7
"28127",1,2,21,78
"28129",1,1,39,115
"28131",1,14,22,32
"28133",2,11,47,70
"28135",1,2,8,23
"28137",1,11,34,56
"28139",3,23,46,69
"28141",1,2,7,30
"28143",1,12,31,45
"28145",1,3,11,65
"28147",1,5,22,46
"28149",1,7,50,158
"28151",1,18,71,128
"28153",1,8,23,204
"28155",1,5,15,22
"28157",1,11,53,78
"28159",1,4,27,81
"28161",3,9,17,82
"28163",1,4,81,188
"29001",2,3,12,34
"29003",1,1,8,33
"29005",1,1,2,3
"29007",1,1,2,122
"29009",1,1,6,9
"29013",1,1,6,7
"29015",1,3,4,10
"29017",1,1,4,6
"29019",1,25,90,100
"29021",2,8,48,628
"29023",1,10,25,32
"29025",1,1,3,5
"29027",1,17,21,23
"29029",1,17,35,36
"29031",1,15,40,57
"29033",1,2,7,11
"29035",1,3,3,5
"29037",1,8,44,73
"29039",5,8,5,9
"29041",1,4,5,5
"29043",2,7,17,21
"29045",1,1,1,1
"29047",3,21,61,127
"29049",1,5,11,16
"29051",1,8,41,55
"29053",1,2,5,9
"29055",1,5,7,8
"29059",1,2,2,4
"29061",1,2,3,7
"29063",1,3,3,6
"29069",1,3,19,26
"29071",1,19,102,137
"29073",1,2,2,2
"29075",1,1,1,43
"29077",1,10,71,93
"29081",1,4,6,9
"29083",1,1,4,9
"29087",1,1,1,1
"29089",1,2,2,3
"29091",1,4,5,7
"29093",1,2,2,2
"29095",2,31,243,425
"29097",1,4,22,27
"29099",4,47,238,334
"29101",1,9,48,72
"29107",1,20,30,69
"29111",1,6,7,7
"29113",2,17,43,80
"29115",1,3,5,9
"29117",1,1,2,3
"29119",1,2,5,15
"29121",1,2,2,3
"29123",1,1,2,3
"29125",1,2,2,2
"29127",1,5,5,8
"29131",1,1,4,4
"29133",1,29,50,77
"29135",1,2,25,44
"29139",1,3,7,8
"29141",1,1,3,9
"29143",1,6,9,21
"29145",1,6,10,18
"29147",1,2,4,13
"29149",1,1,2,2
"29151",1,4,5,5
"29155",1,3,17,72
"29157",1,18,38,48
"29159",1,2,25,69
"29161",1,1,3,5
"29163",1,4,9,17
"29165",2,13,28,66
"29167",1,1,1,4
"29169",1,5,26,36
"29173",1,1,1,2
"29175",1,4,8,8
"29177",1,4,10,16
"29179",2,2,2,2
"29181",1,2,5,7
"29183",1,32,405,695
"29185",2,2,2,2
"29186",2,6,7,11
"29187",1,5,24,30
"29189",1,4,883,3467
"29195",2,22,193,268
"29199",1,4,4,9
"29201",1,3,49,87
"29205",1,1,1,1
"29207",1,7,19,70
"29209",1,3,3,4
"29213",1,2,9,12
"29217",1,4,4,11
"29219",1,9,22,26
"29221",1,4,9,13
"29225",1,3,13,17
"29227",1,1,1,4
"29229",1,7,9,11
"29510",1,72,706,1631
"30001",1,1,1,1
"30003",1,3,3,39
"30007",1,3,4,4
"30009",1,6,6,6
"30013",3,7,13,17
"30023",1,3,3,3
"30029",1,6,37,37
"30031",1,10,135,149
"30035",1,3,6,6
"30037",1,3,3,3
"30041",1,1,1,1
"30043",1,2,2,3
"30047",1,4,5,5
"30049",1,3,16,16
"30051",1,1,1,1
"30053",1,6,7,7
"30057",1,3,8,8
"30059",1,1,1,1
"30063",2,6,30,39
"30065",1,1,1,1
"30067",1,6,7,8
"30073",1,2,2,2
"30081",1,1,5,6
"30083",2,3,3,3
"30085",1,1,6,7
"30093",1,2,11,11
"30095",1,1,1,1
"30101",1,15,29,29
"30107",1,1,1,1
"30111",1,6,57,82
"31001",1,2,73,251
"31003",1,1,2,8
"31013",1,1,1,3
"31019",1,5,49,136
"31021",1,1,5,10
"31023",1,2,29,51
"31025",1,1,3,11
"31027",2,4,7,11
"31031",1,1,1,1
"31033",1,3,7,9
"31035",1,4,14,24
"31037",1,4,116,617
"31039",1,2,6,31
"31041",1,19,32,36
"31043",2,73,1452,1721
"31047",1,1,172,812
"31051",1,5,27,39
"31053",1,5,41,351
"31055",10,13,33,280
"31059",1,1,5,13
"31061",2,3,5,6
"31065",1,2,6,9
"31067",1,25,38,45
"31073",1,1,8,13
"31077",1,2,2,3
"31079",1,40,760,1465
"31081",2,10,48,60
"31093",2,11,32,45
"31095",1,4,6,9
"31097",1,1,4,6
"31099",1,1,4,11
"31105",1,9,10,10
"31107",1,2,2,8
"31109",1,6,73,892
"31111",1,3,17,43
"31119",1,4,15,296
"31121",1,2,16,32
"31123",1,1,10,11
"31125",1,1,4,4
"31127",1,1,1,2
"31131",1,1,2,7
"31137",1,1,9,20
"31139",1,1,1,6
"31141",1,5,27,534
"31143",1,5,9,11
"31145",1,2,5,5
"31151",1,20,392,518
"31153",1,7,46,309
"31155",1,3,6,25
"31157",1,6,27,75
"31159",1,1,12,29
"31163",1,2,2,5
"31167",1,1,11,21
"31173",1,6,28,73
"31175",1,1,3,8
"31177",2,19,21,26
"31179",1,1,2,26
"31181",1,2,5,5
"31185",1,2,11,35
"32001",1,3,6,10
"32003",1,16,1279,4274
"32005",1,6,15,26
"32007",1,3,12,20
"32013",1,14,36,78
"32015",1,7,19,24
"32019",1,2,22,51
"32021",1,1,4,4
"32023",1,1,28,56
"32031",1,4,229,977
"32033",1,3,3,3
"32510",1,3,16,55
"33001",2,9,24,51
"33003",1,7,29,39
"33005",1,3,28,48
"33007",1,2,2,5
"33009",1,3,35,50
"33011",1,20,398,1592
"33013",1,11,85,278
"33015",1,10,230,888
"33017",1,22,94,240
"33019",1,4,10,16
"34001",3,14,344,1716
"34003",1,17,4099,15974
"34005",2,14,801,3431
"34007",1,2,481,4073
"34009",1,7,189,503
"34011",1,11,272,1679
"34013",1,107,6580,15524
"34015",2,33,602,1788
"34017",1,34,4949,16354
"34019",1,25,349,764
"34021",1,50,1567,5426
"34023",2,76,4628,13759
"34025",2,32,2770,6649
"34027",1,64,2771,5854
"34029",1,102,3403,7569
"34031",1,10,3756,13971
"34033",1,12,120,481
"34035",4,117,1911,4159
"34037",2,81,591,1056
"34039",1,26,4358,13781
"34041",1,31,468,1072
"35001",1,23,369,1050
"35003",1,1,1,2
"35005",4,10,21,34
"35006",1,5,35,124
"35007",1,4,5,5
"35009",1,6,10,45
"35013",1,17,67,320
"35015",1,4,11,17
"35017",1,7,14,15
"35019",1,13,19,20
"35021",1,1,1,1
"35025",1,2,2,18
"35027",1,1,2,4
"35028",1,5,6,6
"35029",2,3,7,12
"35031",1,9,356,1953
"35035",1,3,5,211
"35037",1,3,4,4
"35039",2,5,11,36
"35041",1,1,6,36
"35043",2,7,235,474
"35045",1,32,293,1432
"35047",1,1,2,10
"35049",1,7,70,110
"35053",2,2,9,48
"35055",1,3,15,23
"35057",3,7,15,50
"35059",1,3,3,5
"35061",1,7,41,73
"36001",2,88,426,1432
"36003",2,2,28,44
"36007",1,7,126,379
"36009",1,15,45,81
"36011",2,3,36,72
"36013",1,10,26,72
"36015",1,22,75,135
"36017",1,4,73,115
"36019",1,11,45,85
"36021",1,23,105,346
"36023",1,8,25,36
"36025",1,1,39,64
"36027",1,49,1598,3359
"36029",3,107,1624,4606
"36031",1,4,12,40
"36033",1,9,13,20
"36035",1,1,27,182
"36037",1,9,87,180
"36039",2,4,45,206
"36041",1,2,3,5
"36043",1,3,36,79
"36045",1,3,48,71
"36049",2,8,9,20
"36051",1,3,32,107
"36053",1,41,106,292
"36055",1,32,698,1776
"36057",1,3,29,68
"36059",1,79,12024,36780
"36063",3,38,234,818
"36065",2,26,268,772
"36067",1,65,431,1423
"36069",1,9,61,129
"36071",1,163,4532,9558
"36073",2,6,56,175
"36075",1,17,49,92
"36077",1,19,49,67
"36079",2,67,502,1108
"36083",1,32,124,428
"36087",2,13,4872,12095
"36089",1,30,110,195
"36091",2,5,148,368
"36093",1,39,194,575
"36095",1,5,20,47
"36097",1,4,7,11
"36099",2,15,38,57
"36101",2,19,167,236
"36103",1,84,14473,35543
"36105",1,53,424,1189
"36107",1,1,19,107
"36109",1,15,109,132
"36111",1,8,382,1383
"36113",1,8,81,228
"36115",1,6,46,218
"36117",1,12,49,96
"36119",9,157,11566,29626
"36121",1,7,34,77
"36123",2,2,18,39
"37001",3,7,52,236
"37003",1,2,4,30
"37005",1,2,2,14
"37007",1,9,24,63
"37009",1,4,5,36
"37013",2,8,16,32
"37015",2,6,31,109
"37017",1,2,27,105
"37019",1,5,33,50
"37021",1,20,46,182
"37023",2,10,81,266
"37025",1,2,94,352
"37027",1,3,26,105
"37029",1,2,3,23
"37031",1,8,22,35
"37033",1,2,18,55
"37035",1,14,40,117
"37037",1,1,21,383
"37039",4,8,14,20
"37041",1,3,6,17
"37043",1,4,5,5
"37045",1,10,45,67
"37047",1,13,90,304
"37049",1,2,25,57
"37051",2,18,112,505
"37053",1,3,2,13
"37055",1,10,11,22
"37057",1,16,94,293
"37059",1,11,23,55
"37061",1,3,41,597
"37063",1,74,297,932
"37065",1,5,73,190
"37067",2,8,111,373
"37069",4,5,69,124
"37071",1,9,93,201
"37073",1,4,7,23
"37077",1,9,112,208
"37079",3,6,15,65
"37081",1,31,154,776
"37083",2,12,49,151
"37085",2,9,41,228
"37087",1,3,12,48
"37089",1,18,128,298
"37091",1,4,14,65
"37093",1,2,22,148
"37097",1,13,70,170
"37099",2,3,21,55
"37101",1,2,80,205
"37103",3,8,18,26
"37105",1,2,38,341
"37107",1,5,30,182
"37109",1,1,18,45
"37111",2,8,20,37
"37113",1,2,3,70
"37115",1,1,2,7
"37117",2,4,16,65
"37119",2,41,906,2074
"37121",1,4,5,14
"37123",1,8,18,78
"37125",1,2,67,114
"37127",1,9,61,158
"37129",1,13,58,120
"37131",1,33,74,137
"37133",1,1,26,53
"37135",3,29,183,277
"37137",1,3,7,9
"37139",1,2,20,87
"37141",1,5,17,82
"37143",1,2,10,23
"37145",1,4,18,37
"37147",1,15,89,213
"37149",2,8,12,35
"37151",2,19,82,528
"37153",1,15,65,180
"37155",1,3,27,600
"37157",1,9,25,86
"37159",1,17,244,540
"37161",1,25,120,174
"37163",1,1,13,219
"37165",1,2,12,56
"37167",1,5,20,32
"37169",2,9,11,67
"37171",1,3,12,167
"37175",1,5,7,9
"37177",2,4,4,5
"37179",9,42,163,371
"37181",1,4,34,207
"37183",1,8,195,839
"37185",1,3,16,64
"37187",1,7,23,27
"37189",1,2,8,9
"37191",1,1,69,752
"37193",2,4,26,492
"37195",1,3,70,216
"37197",1,9,12,149
"38003",2,2,4,4
"38011",1,1,1,1
"38013",2,2,3,5
"38015",2,23,52,109
"38017",1,8,135,1032
"38023",1,1,1,1
"38025",1,1,10,12
"38027",1,1,1,4
"38029",1,1,1,4
"38031",1,1,1,1
"38035",2,11,234,328
"38037",1,1,1,2
"38049",1,1,1,2
"38051",1,1,1,1
"38053",1,6,13,16
"38055",2,2,3,7
"38059",2,11,21,39
"38061",2,19,33,39
"38063",1,1,1,1
"38065",1,1,1,1
"38067",1,3,6,7
"38069",1,2,2,3
"38071",1,3,3,7
"38073",1,1,9,16
"38077",1,5,8,28
"38079",1,1,3,7
"38081",1,1,3,4
"38085",1,1,1,2
"38087",1,3,3,3
"38089",2,19,40,61
"38093",1,1,12,35
"38099",1,1,3,11
"38101",1,3,19,27
"38103",1,2,2,8
"38105",3,6,10,24
"39001",1,3,5,10
"39003",2,19,106,191
"39005",1,3,5,15
"39007",1,6,64,232
"39009",1,3,3,14
"39011",1,8,30,64
"39013",2,2,50,266
"39015",1,4,11,28
"39017",4,17,117,496
"39019",1,5,16,26
"39021",1,4,7,26
"39023",1,2,23,138
"39025",2,9,72,156
"39027",1,3,26,43
"39029",1,11,161,434
"39031",2,4,16,20
"39033",1,6,36,104
"39035",3,38,911,2591
"39037",1,1,52,102
"39039",2,5,14,28
"39041",1,22,114,257
"39043",1,5,33,124
"39045",2,28,106,229
"39047",1,1,13,34
"39049",1,46,943,4002
"39051",2,5,19,36
"39053",1,1,6,8
"39055",1,4,69,206
"39057",1,6,39,85
"39059",1,5,15,35
"39061",2,71,658,2047
"39063",1,5,30,46
"39065",1,4,25,61
"39067",1,2,8,10
"39069",1,3,6,19
"39071",1,3,8,16
"39073",2,4,20,73
"39075",1,3,5,29
"39077",1,3,16,40
"39079",2,3,7,15
"39081",1,14,33,62
"39083",1,4,13,23
"39085",1,19,124,214
"39087",1,4,22,28
"39089",1,21,102,190
"39091",1,3,13,32
"39093",1,24,176,560
"39095",1,11,514,1858
"39097",1,9,30,105
"39099",1,51,486,1185
"39101",1,6,983,2513
"39103",1,15,112,205
"39105",1,2,3,6
"39107",1,6,16,178
"39109",1,32,127,327
"39111",2,2,4,79
"39113",1,20,222,504
"39115",1,2,5,5
"39117",1,8,42,107
"39119",1,4,12,45
"39121",1,3,5,6
"39123",1,5,37,92
"39125",1,5,8,14
"39127",1,6,12,18
"39129",1,13,1661,2038
"39131",1,1,3,6
"39133",1,38,180,298
"39135",1,8,25,33
"39137",1,4,71,95
"39139",1,5,50,159
"39141",1,10,36,67
"39143",1,5,17,63
"39145",1,4,13,17
"39147",1,4,11,17
"39149",1,12,30,41
"39151",1,6,120,479
"39153",2,28,257,930
"39155",1,3,149,406
"39157",1,2,27,223
"39159",1,3,12,37
"39161",1,2,3,6
"39165",2,20,112,283
"39167",1,3,69,116
"39169",1,18,88,248
"39171",1,3,36,55
"39173",1,15,84,254
"39175",1,5,24,36
"40001",2,14,50,82
"40003",1,1,1,1
"40005",1,1,1,3
"40007",1,1,15,24
"40009",1,1,5,6
"40013",1,3,6,21
"40015",1,4,53,146
"40017",1,5,62,116
"40019",1,1,2,22
"40021",1,12,26,28
"40023",1,2,3,21
"40025",1,1,1,1
"40027",1,22,267,458
"40031",3,37,76,270
"40033",1,4,5,5
"40035",1,3,9,15
"40037",5,39,71,89
"40039",1,3,7,12
"40041",1,11,89,99
"40043",1,2,2,3
"40047",2,5,11,26
"40049",1,4,10,15
"40051",1,2,19,64
"40053",1,2,2,2
"40055",2,46,65,66
"40059",1,1,1,1
"40061",1,5,5,6
"40065",1,1,7,20
"40067",1,1,2,4
"40069",2,3,3,4
"40071",1,5,45,49
"40073",2,5,8,11
"40075",1,1,5,6
"40077",1,4,4,5
"40079",1,1,9,14
"40081",1,7,10,21
"40083",1,3,9,18
"40085",1,2,2,15
"40087",1,2,21,86
"40089",1,3,8,41
"40091",1,2,10,16
"40093",1,1,3,6
"40095",1,1,2,9
"40097",1,5,19,29
"40099",1,1,2,6
"40101",1,8,26,30
"40103",1,4,6,7
"40105",1,9,20,23
"40107",1,1,1,5
"40109",1,26,425,954
"40111",2,11,16,23
"40113",1,22,68,94
"40115",1,10,29,35
"40117",1,10,27,29
"40119",1,3,29,44
"40121",2,6,21,40
"40123",1,5,10,11
"40125",1,11,38,56
"40127",1,1,2,10
"40131",1,17,47,79
"40133",1,3,8,23
"40135",1,4,11,14
"40137",1,8,19,37
"40139",1,3,85,902
"40141",1,1,14,23
"40143",1,3,221,639
"40145",1,24,112,143
"40147",1,14,133,303
"40151",1,3,3,5
"40153",1,1,1,5
"41003",1,6,24,50
"41005",1,11,116,266
"41007",1,3,6,44
"41009",1,6,14,16
"41011",1,1,30,32
"41013",1,1,1,6
"41015",2,3,4,7
"41017",1,8,50,85
"41019",1,1,12,24
"41023",1,1,1,1
"41027",1,3,4,12
"41029",2,2,33,49
"41031",1,2,24,65
"41033",1,10,19,25
"41035",1,1,15,39
"41039",2,7,44,61
"41041",1,4,5,8
"41043",2,19,49,102
"41045",1,2,7,32
"41047",1,4,209,592
"41049",1,2,5,12
"41051",1,7,286,839
"41053",1,1,29,82
"41055",1,1,1,1
"41057",1,3,6,6
"41059",1,2,11,84
"41061",1,1,4,6
"41063",1,1,1,2
"41065",1,7,12,18
"41067",1,8,140,475
"41071",1,6,30,50
"42001",1,8,67,185
"42003",1,48,857,1526
"42005",1,7,39,58
"42007",1,13,158,516
"42009",2,4,24,39
"42011",1,65,1419,3643
"42013",1,6,19,46
"42015",1,8,29,43
"42017",2,14,1022,3852
"42019",1,49,161,206
"42021",1,3,20,55
"42023",1,1,1,2
"42025",1,26,154,224
"42027",1,22,73,133
"42029",1,23,532,1926
"42031",1,6,22,29
"42033",1,4,11,33
"42035",1,8,34,57
"42037",1,7,208,340
"42039",1,5,19,22
"42041",3,11,105,451
"42043",1,45,386,1012
"42045",1,7,616,4256
"42047",2,2,4,6
"42049",1,7,58,145
"42051",1,14,67,93
"42053",1,5,7,7
"42055",1,11,106,631
"42057",1,2,6,15
"42059",2,11,25,27
"42061",1,4,22,228
"42063",1,9,62,89
"42065",1,2,7,15
"42067",1,3,73,94
"42069",2,35,559,1327
"42071",2,45,1030,2508
"42073",1,19,61,74
"42075",1,15,424,874
"42077",1,27,1747,3318
"42079",1,21,1446,2467
"42081",1,8,44,158
"42083",1,1,5,12
"42085",1,8,59,96
"42087",2,6,30,58
"42089",1,9,610,1194
"42091",2,30,1111,4687
"42093",1,10,48,50
"42095",1,17,994,2453
"42097",1,14,87,174
"42099",1,5,26,48
"42101",1,33,4456,17517
"42103",1,3,190,432
"42105",1,2,4,4
"42107",1,38,267,541
"42109",1,8,33,38
"42111",1,3,19,37
"42113",1,1,1,3
"42115",1,5,76,96
"42117",1,8,14,16
"42119",4,8,33,56
"42121",1,5,7,8
"42123",1,1,1,3
"42125",1,7,66,124
"42127",1,1,28,109
"42129",2,41,249,427
"42131",5,12,25,34
"42133",2,29,393,835
"44001",5,21,68,213
"44003",7,59,386,1005
"44005",8,33,110,226
"44007",37,418,3727,10519
"44009",9,34,209,485
"45001",1,4,10,35
"45003",1,9,67,155
"45005",1,4,10,34
"45007",2,16,109,191
"45009",2,6,9,21
"45011",1,3,17,44
"45013",3,21,194,282
"45015",1,13,124,203
"45017",1,1,5,9
"45019",1,1,274,464
"45021",1,8,17,39
"45023",1,3,25,41
"45025",1,10,37,118
"45027",1,16,109,290
"45029",1,5,23,60
"45031",1,10,59,222
"45033",1,1,20,132
"45035",1,10,83,113
"45037",1,2,12,44
"45039",1,3,24,96
"45041",1,13,128,540
"45043",2,14,33,53
"45045",1,39,346,981
"45047",2,3,36,72
"45049",1,6,26,37
"45051",3,19,147,273
"45053",1,3,15,27
"45055",1,14,141,245
"45057",1,3,51,104
"45059",2,6,29,59
"45061",1,2,35,158
"45063",1,17,212,482
"45065",1,3,6,9
"45067",1,2,22,63
"45069",1,2,28,76
"45071",1,2,21,33
"45073",2,5,19,41
"45075",2,16,41,113
"45077",1,11,38,93
"45079",1,60,548,1196
"45081",1,1,9,122
"45083",1,1,88,318
"45085",1,30,181,322
"45087",1,6,24,31
"45089",1,6,33,207
"45091",1,19,138,280
"46003",1,1,1,22
"46005",1,4,21,21
"46009",1,1,3,4
"46011",1,2,9,14
"46013",1,3,20,211
"46023",1,1,2,5
"46025",1,1,1,4
"46027",2,6,5,15
"46029",1,5,13,17
"46031",1,1,1,4
"46035",2,2,3,7
"46039",1,1,1,1
"46043",1,1,3,4
"46047",1,1,1,4
"46049",1,1,1,1
"46057",1,1,2,4
"46059",1,1,1,7
"46065",1,2,5,17
"46067",2,2,3,4
"46069",1,1,1,3
"46073",1,4,6,40
"46079",1,2,4,8
"46081",2,9,9,9
"46083",1,19,110,225
"46085",1,1,2,9
"46087",1,1,2,4
"46089",1,1,1,4
"46091",1,1,1,4
"46093",1,1,1,7
"46097",1,1,1,3
"46099",1,5,228,2535
"46101",1,2,17,20
"46102",1,1,1,35
"46103",1,5,11,85
"46109",1,4,4,39
"46111",1,3,3,13
"46115",1,3,3,5
"46117",1,8,9,12
"46119",1,1,1,1
"46121",1,1,1,18
"46125",1,4,15,24
"46127",1,3,12,79
"46129",1,5,5,5
"46135",1,18,26,51
"47001",1,6,15,37
"47003",1,6,130,264
"47005",1,4,5,7
"47007",2,3,588,608
"47009",1,9,46,76
"47011",1,8,38,83
"47013",1,2,10,17
"47015",1,4,10,17
"47017",1,5,15,25
"47019",1,3,12,19
"47021",1,7,20,88
"47023",1,3,8,12
"47025",1,2,5,8
"47027",1,2,5,7
"47029",1,1,11,20
"47031",1,7,33,66
"47033",3,6,13,19
"47035",1,6,56,89
"47037",1,42,1034,3346
"47039",1,5,4,6
"47041",1,5,10,32
"47043",2,11,43,93
"47045",1,3,24,44
"47047",1,10,45,95
"47049",1,2,4,12
"47051",1,5,27,43
"47053",1,6,31,59
"47055",1,3,6,12
"47057",3,4,5,8
"47059",1,9,30,46
"47061",1,8,26,31
"47063",1,2,7,25
"47065",1,8,105,240
"47069",1,6,11,189
"47071",1,2,4,10
"47073",1,8,28,31
"47075",2,6,19,30
"47077",1,2,9,15
"47079",1,6,11,30
"47081",1,2,44,58
"47083",1,1,4,7
"47085",2,4,10,13
"47087",2,5,7,17
"47089",1,2,14,26
"47091",1,2,2,15
"47093",1,4,164,263
"47095",4,9,99,688
"47097",1,8,21,56
"47099",2,10,17,24
"47101",1,2,2,3
"47103",1,2,11,26
"47105",1,8,23,97
"47107",1,3,6,125
"47109",1,5,11,12
"47111",1,7,35,100
"47113",1,13,95,163
"47115",1,6,28,34
"47117",1,9,22,30
"47119",1,8,34,68
"47121",1,2,5,25
"47123",3,3,10,51
"47125",1,11,108,206
"47127",1,3,3,5
"47129",1,5,6,17
"47131",1,3,12,28
"47133",1,2,7,18
"47135",1,2,6,13
"47139",1,4,8,16
"47141",5,24,95,286
"47143",1,4,7,239
"47145",1,2,8,9
"47147",1,22,95,274
"47149",1,8,235,745
"47151",2,2,11,11
"47153",1,1,5,15
"47155",1,3,22,65
"47157",1,2,766,3010
"47159",1,3,19,30
"47161",1,4,7,13
"47163",1,1,27,54
"47165",2,58,491,737
"47167",1,15,57,405
"47169",1,11,48,1392
"47171",1,1,1,3
"47173",1,1,3,4
"47175",1,1,2,4
"47177",1,2,7,22
"47179",2,14,46,66
"47181",1,2,4,63
"47183",1,5,19,26
"47185",1,2,4,24
"47187",1,10,221,427
"47189",2,20,171,318
"48001",1,3,29,72
"48003",1,12,21,27
"48005",1,10,36,175
"48007",1,2,2,5
"48011",1,1,2,2
"48013",2,2,14,36
"48015",1,4,12,21
"48019",1,4,6,6
"48021",1,6,44,148
"48025",1,5,6,22
"48027",1,8,91,220
"48029",1,4,11,723
"48031",1,1,6,8
"48035",1,3,6,7
"48037",1,1,54,120
"48039",2,16,225,686
"48041",1,28,151,312
"48047",1,1,1,2
"48049",1,3,12,51
"48051",1,2,11,22
"48053",1,4,14,29
"48055",1,3,11,51
"48057",2,8,23,37
"48059",1,1,2,10
"48061",1,13,279,619
"48063",1,3,6,82
"48065",1,1,4,6
"48067",1,2,10,20
"48069",1,8,11,28
"48071",2,9,39,58
"48073",1,5,12,42
"48075",1,1,2,6
"48077",1,3,3,3
"48079",1,1,1,1
"48085",1,13,343,859
"48089",2,6,10,22
"48091",3,12,47,82
"48093",1,3,3,12
"48095",1,1,1,1
"48097",1,3,12,20
"48099",1,2,86,226
"48101",1,3,4,4
"48103",1,1,2,2
"48107",1,1,2,3
"48111",1,2,10,27
"48113",2,56,1324,5369
"48115",1,5,21,40
"48117",1,2,12,133
"48119",1,1,1,2
"48121",1,38,507,989
"48123",1,3,10,17
"48125",1,1,1,1
"48127",1,1,1,1
"48129",1,23,24,26
"48131",1,1,5,5
"48133",2,3,3,5
"48135",3,30,79,155
"48139",2,6,83,241
"48141",1,6,269,1340
"48143",1,3,12,15
"48145",1,1,1,6
"48147",1,1,7,25
"48149",1,10,15,32
"48153",1,2,4,16
"48157",1,9,194,1133
"48159",1,1,1,13
"48161",1,3,8,15
"48163",1,1,25,40
"48165",1,1,2,6
"48167",1,11,355,686
"48171",1,2,2,5
"48175",1,4,7,7
"48177",1,2,20,121
"48179",1,12,47,98
"48181",1,11,19,268
"48183",1,1,37,117
"48185",2,3,10,99
"48187",4,23,64,122
"48189",1,6,16,54
"48193",1,3,5,9
"48195",1,1,11,20
"48199",2,15,91,136
"48201",4,11,1036,6838
"48203",1,6,69,230
"48205",1,4,11,13
"48209",1,6,89,214
"48211",1,1,1,1
"48213",1,1,24,56
"48215",2,62,275,482
"48217",1,5,15,24
"48219",1,7,15,23
"48221",2,9,17,23
"48223",1,3,4,15
"48225",1,5,79,148
"48227",1,1,6,9
"48231",1,8,37,75
"48233",2,3,16,42
"48237",1,4,4,4
"48239",1,3,6,17
"48241",2,7,16,34
"48245",7,31,209,476
"48247",1,3,4,9
"48249",1,2,3,9
"48251",2,8,45,132
"48253",1,3,84,637
"48255",1,2,3,4
"48257",2,9,58,182
"48259",3,8,15,24
"48265",1,2,5,18
"48273",1,2,9,16
"48275",1,1,1,1
"48277",1,3,8,128
"48279",1,1,2,15
"48281",1,3,4,9
"48283",1,1,4,4
"48285",1,1,4,8
"48287",1,2,2,24
"48289",1,2,5,10
"48291",1,5,36,81
"48293",1,3,11,22
"48297",1,3,5,9
"48299",1,3,3,3
"48303",2,19,330,616
"48305",1,3,5,5
"48307",1,3,3,3
"48309",5,33,76,97
"48313",1,2,3,10
"48315",3,6,16,19
"48317",1,1,2,3
"48319",1,1,24,32
"48321",2,6,51,65
"48323",1,4,14,97
"48325",1,3,15,49
"48329",1,13,43,122
"48331",2,2,13,28
"48335",1,1,1,1
"48337",1,1,6,9
"48339",1,3,197,699
"48341",1,7,294,565
"48343",1,1,5,15
"48345",1,1,1,1
"48347",1,15,115,257
"48349",1,7,28,44
"48351",1,1,2,5
"48353",1,2,2,13
"48355",1,40,90,260
"48357",1,19,42,53
"48359",1,2,3,3
"48361",1,7,59,96
"48363",1,4,7,13
"48365",3,10,128,179
"48367",1,4,21,67
"48369",1,6,34,132
"48371",1,5,13,103
"48373",1,8,18,53
"48375",2,5,130,2193
"48379",1,2,2,4
"48381",3,34,164,648
"48387",1,1,35,93
"48393",2,2,2,2
"48395",1,2,2,7
"48397",2,11,49,151
"48401",1,2,24,42
"48403",1,1,2,15
"48405",1,9,16,38
"48407",1,1,10,14
"48409",1,3,11,28
"48415",1,2,2,26
"48419",1,11,86,183
"48421",4,11,23,28
"48423",3,10,93,178
"48427",2,6,7,24
"48429",1,1,1,4
"48437",1,1,9,17
"48439",1,19,588,3127
"48441",1,27,203,322
"48445",1,4,10,13
"48449",1,6,17,495
"48451",1,10,41,64
"48453",4,79,690,2171
"48455",2,3,8,15
"48457",1,4,6,12
"48459",1,1,9,18
"48463",1,4,7,6
"48465",1,5,12,13
"48467",1,1,11,22
"48469",3,20,96,157
"48471",1,9,136,462
"48473",3,11,29,56
"48477",5,21,113,193
"48479",1,22,245,477
"48481",3,9,36,45
"48483",1,7,15,16
"48485",1,15,57,78
"48487",1,1,2,7
"48489",1,5,13,14
"48491",4,34,140,463
"48493",1,6,25,38
"48495",1,3,3,3
"48497",1,3,15,45
"48499",1,5,8,29
"48501",1,1,2,10
"48503",1,3,4,4
"48505",1,4,7,11
"48507",1,1,9,13
"49003",1,2,13,25
"49005",2,5,36,63
"49007",1,2,7,11
"49011",1,3,137,299
"49013",1,3,7,9
"49015",1,2,5,7
"49017",1,1,1,3
"49019",1,1,3,12
"49021",1,6,18,39
"49023",1,2,7,10
"49025",1,3,3,3
"49027",1,4,5,6
"49029",2,3,9,10
"49035",1,1,151,1975
"49037",1,5,43,272
"49039",3,5,6,28
"49041",2,5,8,22
"49043",2,73,304,388
"49045",1,3,34,84
"49047",1,1,6,9
"49049",1,14,322,1400
"49051",1,16,105,188
"49053",1,1,21,85
"49057",1,4,74,175
"50001",1,17,61,62
"50003",1,3,24,54
"50005",1,4,12,14
"50007",1,12,336,431
"50009",3,1,2,3
"50011",2,11,91,99
"50013",1,3,4,7
"50015",4,17,25,29
"50017",1,3,5,8
"50019",2,7,9,9
"50021",1,6,42,50
"50023",1,2,28,38
"50025",2,11,62,77
"50027",2,8,25,45
"51001",1,3,33,690
"51003",1,19,57,141
"51005",1,2,5,16
"51007",1,6,15,21
"51009",1,3,10,25
"51011",1,7,21,31
"51013",2,17,280,1332
"51015",1,15,43,109
"51019",1,2,18,41
"51023",1,5,24,31
"51025",1,1,14,25
"51027",1,12,16,18
"51029",2,9,55,453
"51031",1,4,12,17
"51033",1,6,29,69
"51035",1,3,9,90
"51036",1,1,9,22
"51037",1,4,9,25
"51041",1,9,209,837
"51043",1,3,8,25
"51045",2,2,4,5
"51047",2,3,51,494
"51049",1,8,13,37
"51053",1,7,25,93
"51057",2,4,30,53
"51059",1,10,426,4834
"51061",4,10,73,282
"51063",1,1,3,6
"51065",1,3,68,82
"51067",1,5,15,30
"51069",2,20,87,255
"51071",1,4,4,5
"51073",1,6,21,28
"51075",1,3,40,86
"51079",1,2,10,22
"51081",1,5,36,58
"51083",1,1,12,29
"51085",1,1,31,170
"51087",2,28,453,1198
"51089",1,4,16,95
"51091",1,2,3,3
"51093",1,3,86,119
"51095",3,20,125,173
"51097",1,2,2,10
"51099",1,8,23,54
"51101",1,2,5,26
"51103",1,1,1,10
"51105",2,2,7,10
"51107",2,5,238,1070
"51109",1,9,33,61
"51111",2,3,4,17
"51113",1,2,14,27
"51115",1,2,3,5
"51117",1,4,65,178
"51119",2,3,10,14
"51121",1,7,51,69
"51125",1,2,7,13
"51127",1,12,20,35
"51131",1,2,15,213
"51133",2,3,8,23
"51135",1,1,8,19
"51137",1,4,22,77
"51139",1,5,91,214
"51141",1,2,10,36
"51143",1,2,11,32
"51145",1,4,11,29
"51147",1,1,5,66
"51149",2,16,29,60
"51153",1,14,337,2740
"51155",1,4,9,19
"51157",1,1,6,15
"51159",1,5,143,287
"51161",1,4,34,90
"51163",1,2,5,12
"51165",2,5,106,414
"51167",1,2,5,8
"51169",3,4,7,7
"51171",3,10,58,365
"51173",1,5,13,15
"51175",1,5,75,143
"51177",1,2,50,261
"51179",1,6,95,426
"51181",1,3,4,10
"51183",1,8,31,154
"51185",1,4,5,6
"51187",2,4,36,111
"51191",1,3,30,51
"51193",1,8,25,68
"51195",1,8,22,25
"51197",1,3,11,21
"51199",1,8,35,61
"51510",1,5,174,1193
"51520",1,1,1,4
"51530",1,4,6,13
"51540",1,9,38,71
"51550",1,39,180,419
"51570",4,23,65,101
"51590",1,4,29,45
"51595",1,7,23,82
"51600",1,11,39,69
"51610",2,25,37,56
"51620",1,6,19,42
"51630",1,4,20,113
"51640",1,1,1,95
"51650",1,39,99,174
"51660",1,1,79,583
"51670",1,10,22,73
"51678",2,3,5,7
"51680",1,10,48,77
"51683",2,13,127,792
"51685",1,4,50,280
"51700",1,17,102,206
"51710",1,14,109,361
"51720",2,2,2,2
"51730",2,9,30,112
"51735",1,3,6,7
"51740",1,4,65,228
"51750",1,1,2,6
"51760",4,17,188,741
"51770",1,10,33,140
"51775",1,1,26,34
"51790",1,2,13,49
"51800",1,3,91,269
"51810",1,4,200,454
"51820",2,3,11,41
"51830",1,5,19,42
"51840",1,14,33,156
"53001",1,14,44,50
"53003",1,5,18,19
"53005",1,42,284,773
"53007",1,1,19,117
"53009",1,5,14,21
"53011",1,3,137,367
"53013",1,1,1,1
"53015",2,13,29,68
"53017",1,5,61,138
"53019",1,1,1,1
"53021",1,7,142,552
"53025",1,18,111,219
"53027",1,1,8,13
"53029",1,19,151,179
"53031",1,3,20,28
"53033",1,91,2079,5992
"53035",1,7,111,152
"53037",1,3,11,14
"53039",1,4,14,21
"53041",1,2,17,32
"53043",1,1,2,2
"53045",1,2,20,30
"53047",1,4,18,44
"53049",1,2,9,9
"53051",1,1,2,3
"53053",1,29,627,1673
"53055",1,4,15,15
"53057",1,18,169,391
"53059",1,1,3,3
"53061",1,1,1,384
"53063",4,4,33,326
"53065",1,3,8,9
"53067",1,8,81,120
"53069",1,2,2,4
"53071",1,1,7,77
"53073",1,7,238,329
"53075",1,6,15,19
"53077",2,20,447,1781
"54001",1,5,5,9
"54003",2,27,121,264
"54005",1,2,6,11
"54007",1,1,2,2
"54009",1,3,3,5
"54011",1,11,40,60
"54013",1,1,2,2
"54019",1,2,27,54
"54021",1,3,10,10
"54023",1,1,3,14
"54025",1,3,3,9
"54027",2,6,8,34
"54029",1,6,7,18
"54031",1,2,5,39
"54033",3,17,30,39
"54035",1,8,70,135
"54037",1,4,56,96
"54039",1,19,111,203
"54041",1,2,4,9
"54043",1,1,5,5
"54045",1,4,11,16
"54047",2,6,6,6
"54049",1,11,44,48
"54051",2,4,8,25
"54053",1,4,11,16
"54055",1,2,8,12
"54057",2,4,18,47
"54059",1,2,3,10
"54061",1,29,83,116
"54063",1,5,6,8
"54065",1,4,9,18
"54067",2,3,8,8
"54069",2,11,24,38
"54071",1,1,3,12
"54073",1,1,2,4
"54075",1,2,24,24
"54077",1,3,12,19
"54079",1,4,14,29
"54081",1,3,8,15
"54083",1,3,4,124
"54087",2,2,4,9
"54089",1,1,1,1
"54091",1,4,9,9
"54093",2,2,4,4
"54095",1,3,3,3
"54097",1,1,4,7
"54099",6,75,93,103
"54103",1,2,3,9
"54105",1,1,3,4
"54107",1,3,33,51
"54109",1,1,1,2
"55001",1,2,4,4
"55003",1,1,2,2
"55005",3,6,7,20
"55007",1,2,3,3
"55009",1,5,139,2070
"55011",1,2,4,5
"55015",1,1,5,57
"55017",1,4,21,41
"55019",1,6,19,28
"55021",4,7,27,36
"55023",1,3,3,26
"55025",1,1,1,253
"55027",2,13,19,121
"55029",1,7,12,38
"55031",1,6,8,13
"55033",1,3,9,20
"55035",1,8,22,66
"55037",1,2,2,2
"55039",2,14,49,86
"55043",1,2,26,81
"55045",1,4,9,45
"55047",1,1,8,23
"55049",3,3,7,11
"55051",1,1,2,2
"55053",2,5,12,15
"55055",1,8,27,61
"55057",1,4,11,22
"55059",4,19,204,780
"55061",1,5,22,36
"55063",1,15,25,44
"55065",1,3,8,29
"55071",1,3,13,36
"55073",1,1,17,33
"55075",1,2,7,32
"55077",2,2,3,3
"55078",1,1,1,3
"55079",2,183,1653,4022
"55081",1,3,14,16
"55083",1,3,8,35
"55085",1,3,6,7
"55087",1,4,29,124
"55089",3,33,78,122
"55093",1,1,7,12
"55095",1,4,5,33
"55097",1,3,4,10
"55099",1,1,1,2
"55101",1,4,105,724
"55103",2,3,10,14
"55105",1,14,68,432
"55107",1,3,4,5
"55109",2,4,11,48
"55111",1,11,31,77
"55113",1,2,4,8
"55115",1,5,16,50
"55117",3,6,34,66
"55121",1,1,3,25
"55123",1,1,14,30
"55125",1,3,4,6
"55127",2,6,75,280
"55129",1,1,1,3
"55131",2,27,79,140
"55133",1,15,184,396
"55135",1,2,7,23
"55137",1,2,4,9
"55139",1,5,27,101
"55141",1,1,2,5
"56001",1,4,6,14
"56003",1,3,3,9
"56005",1,1,17,29
"56007",1,3,4,15
"56009",1,4,16,24
"56011",1,3,5,5
"56013",1,10,46,191
"56015",1,2,4,5
"56017",1,1,4,10
"56019",1,8,15,16
"56021",2,15,90,178
"56023",1,9,9,15
"56025",1,9,48,62
"56027",2,2,2,2
"56029",1,1,1,1
"56033",1,4,15,16
"56035",1,1,3,3
"56037",1,3,16,25
"56039",1,12,87,100
"56041",1,4,8,12
"56043",1,4,7,30
